{"sensor0":{"enable":{"value":"1","Meaning":null},"id":{"value":"camera-0","Meaning":null},"type":{"value":"Camera","Meaning":null}},"sensor1":{"enable":{"value":"1","Meaning":null},"type":{"value":"Camera","Meaning":null},"id":{"value":"camera-1","Meaning":null}},"sensor2":{"enable":{"value":"1","Meaning":null},"type":{"value":"Camera","Meaning":null},"id":{"value":"camera-2","Meaning":null}},"sensor3":{"enable":{"value":"1","Meaning":null},"type":{"value":"Camera","Meaning":null},"id":{"value":"camera-3","Meaning":null}},"place0":{"enable":{"value":"1","Meaning":null},"id":{"value":"0","Meaning":null}},"place1":{"enable":{"value":"1","Meaning":null},"id":{"value":"1","Meaning":null}},"place2":{"enable":{"value":"1","Meaning":null},"id":{"value":"2","Meaning":null}},"place3":{"enable":{"value":"1","Meaning":null},"id":{"value":"3","Meaning":null}}}