{"property":{"gpu-id":{"value":"0","Meaning":null},"tlt-model-key":{"value":"tlt_encode","Meaning":null},"net-scale-factor":{"value":"0.0039215697906911373","Meaning":null},"tlt-encoded-model":{"value":"\/opt\/nvidia\/deepstream\/deepstream-5.0\/models\/peoplenet\/resnet34_peoplenet_pruned.etlt","Meaning":null},"labelfile-path":{"value":"\/opt\/nvidia\/deepstream\/deepstream-5.0\/models\/peoplenet\/labels.txt","Meaning":null},"model-engine-file":{"value":"\/opt\/nvidia\/deepstream\/deepstream-5.0\/models\/peoplenet\/resnet34_peoplenet_pruned.etlt_b1_gpu0_fp16.engine","Meaning":null},"infer-dims":{"value":"3;544;960","Meaning":null},"uff-input-blob-name":{"value":"input_1","Meaning":null},"process-mode":{"value":"1","Meaning":null},"model-color-format":{"value":"0","Meaning":null},"network-mode":{"value":"2","Meaning":null},"num-detected-classes":{"value":"3","Meaning":null},"cluster-mode":{"value":"2","Meaning":null},"gie-unique-id":{"value":"1","Meaning":null},"output-blob-names":{"value":"output_bbox\/BiasAdd;output_cov\/Sigmoid","Meaning":null}},"class-attrs-all":{"pre-cluster-threshold":{"value":"0.4","Meaning":null},"eps":{"value":"0.7","Meaning":null},"threshold":{"value":"0.6","Meaning":null},"detected-min-w":{"value":"60","Meaning":null},"detected-min-h":{"value":"60","Meaning":null}}}